{"threshold": 0.9000000000000001, "binary_threshold": 0.9000000000000001}