{
  "threshold": 0.9000000000000001,
  "binary_threshold": 0.8,
  "best_val_micro_f1": 0.7184466019417476
}